ma,ten,dc,so,phong,loai_hinh,loai_trg
79000707,Phổ thông Năng khiếu thể thao Olympic,"Đại học Thể dục thể thao TP. Hồ Chí Minh
Khu phố 6 - phường Linh Trung - Quận Thủ Đức - TP. Hồ Chí Minh",Sở Giáo dục và Đào tạo Hồ Chí Minh,,Công lập,Năng khiếu thể dục thể thao
79000767,Tiểu học THCS và THPT Quốc Văn Sài Gòn,300 Hòa Bình,Sở Giáo dục và Đào tạo Hồ Chí Minh,,Tư thục,Trường phổ thông
79000774,TH - THCS - THPT Chu Văn An,Số 7 Đường Số 1 Khu Phố 1,Sở Giáo dục và Đào tạo Hồ Chí Minh,,Tư thục,Trường phổ thông
79000791,Trung học cơ sở và trung học phổ thông Phùng Hưng,14A Đường số 1 Phường 16 Quận Gò vấp TP Hồ Chí Minh,Sở Giáo dục và Đào tạo Hồ Chí Minh,,Tư thục,Trường phổ thông
79000799,THCS - THPT Trần Cao Vân,126 Tô Hiệu,Sở Giáo dục và Đào tạo Hồ Chí Minh,,Tư thục,Trường phổ thông
790007A4,THCS và THPT Nam Việt,25 21/1-3 23/7-9 Dương Đức Hiền,Sở Giáo dục và Đào tạo Hồ Chí Minh,,Tư thục,Trường phổ thông
790007B4,THCS và THPT Hai Bà Trưng,51/4 Nguyễn Thị Nhỏ,Sở Giáo dục và Đào tạo Hồ Chí Minh,,Tư thục,Trường phổ thông
790007B9,Tiểu học THCS và THPT Mùa Xuân,92 Nguyễn Hữu Cảnh phường 22 Quận Bình Thạnh,Sở Giáo dục và Đào tạo Hồ Chí Minh,,Tư thục,Trường phổ thông
79000809,THCS và THPT Đăng Khoa,571 Cô Bắc,Sở Giáo dục và Đào tạo Hồ Chí Minh,,Tư thục,Trường phổ thông
79000810,THCS và THPT Hồng Hà,170 Quang Trung,Sở Giáo dục và Đào tạo Hồ Chí Minh,,Tư thục,Trường phổ thông
79000811,TH THCS THPT Tuệ Đức (2),249/108 Tân Thới Nhất 17,Sở Giáo dục và Đào tạo Hồ Chí Minh,,Tư thục,Trường phổ thông
79000812,THCS và THPT Nguyễn Bỉnh Khiêm,140 Lý Chính Thắng,Sở Giáo dục và Đào tạo Hồ Chí Minh,,Tư thục,Trường phổ thông
79000813,Tiểu học THCS và THPT Ngô Thời Nhiệm,65D Hồ Bá Phấn,Sở Giáo dục và Đào tạo Hồ Chí Minh,,Tư thục,Trường phổ thông
79000814,THCSTHPT An Đông,91 Nguyễn Chí Thanh,Sở Giáo dục và Đào tạo Hồ Chí Minh,,Tư thục,Trường phổ thông
79000815,THCS THPT  Ngôi Sao,Đường số 18 Khu dân cư An Lạc,Sở Giáo dục và Đào tạo Hồ Chí Minh,,Tư thục,Trường phổ thông
79000816,THCS-THPT Phan Bội Châu,,Sở Giáo dục và Đào tạo Hồ Chí Minh,,Tư thục,Trường phổ thông
79000818,TH - THCS - THPT VẠN HẠNH,781e Lê Hồng Phong P12 Q10,Sở Giáo dục và Đào tạo Hồ Chí Minh,,Tư thục,Trường phổ thông
79000820,THPT Nam Sài Gòn,Khu A Nam Sài Gòn,Sở Giáo dục và Đào tạo Hồ Chí Minh,,Công lập,Trường phổ thông
79000822,THCS-THPT Hồng Đức,Số 8Đường Hồ Đắc DiPhường Tây ThạnhQuận Tân Phú TP Hồ Chí Minh,Sở Giáo dục và Đào tạo Hồ Chí Minh,,Tư thục,Trường phổ thông
79000824,THCS và THPT Bắc Sơn,338/24 Nguyễn Văn Quá P. Đông Hưng Thuận Quận 12,Sở Giáo dục và Đào tạo Hồ Chí Minh,,Tư thục,Trường phổ thông
79000825,THCS và THPT Phạm Ngũ Lão,69/11 Phạm Văn Chiêu P14 Gò Vấp,Sở Giáo dục và Đào tạo Hồ Chí Minh,,Tư thục,Trường phổ thông
79000826,THCS và THPT Bạch Đằng,53/1 Phan Văn Hớn,Sở Giáo dục và Đào tạo Hồ Chí Minh,,Tư thục,Trường phổ thông
79000828,TH THCS và THPT Quốc Tế,305 Nguyễn Trọng Tuyển Phường 10 Quận Phú Nhuận,Sở Giáo dục và Đào tạo Hồ Chí Minh,,Tư thục,Trường phổ thông
79000829,THCS và THPT  Việt Thanh,261 Cộng Hòa,Sở Giáo dục và Đào tạo Hồ Chí Minh,,Tư thục,Trường phổ thông
79000830,THCS và THPT Trí Đức,1333A Thoại Ngọc Hầu,Sở Giáo dục và Đào tạo Hồ Chí Minh,,Tư thục,Trường phổ thông
79000831,THCS và THPT Thái Bình,10 Trương Hoàng Thanh,Sở Giáo dục và Đào tạo Hồ Chí Minh,,Tư thục,Trường phổ thông
79000832,TH-THCS-THPT Thanh Bình,192/12 Nguyễn Thái Bình,Sở Giáo dục và Đào tạo Hồ Chí Minh,,Tư thục,Trường phổ thông
79000834,THCS và THPT Nhân Văn,17 Sơn Kỳ,Sở Giáo dục và Đào tạo Hồ Chí Minh,,Tư thục,Trường phổ thông
79000835,THCS - THPT Nguyễn Khuyến,136 Cộng Hòa,Sở Giáo dục và Đào tạo Hồ Chí Minh,,Tư thục,Trường phổ thông
79000836,TH THCS và THPT Trương Vĩnh Ký,,Sở Giáo dục và Đào tạo Hồ Chí Minh,,Tư thục,Trường phổ thông
79000838,THCS THPT Phan Châu Trinh,Số 12 Đường 23,Sở Giáo dục và Đào tạo Hồ Chí Minh,,Tư thục,Trường phổ thông
79000841,THCS - THPT Duy Tân,106 Nguyễn Giản Thanh,Sở Giáo dục và Đào tạo Hồ Chí Minh,,Tư thục,Trường phổ thông
79000846,THCS và THPT Châu Á Thái Bình Dương,33 C D E Nguyễn Bỉnh Khiêm,Sở Giáo dục và Đào tạo Hồ Chí Minh,,Tư thục,Trường phổ thông
79000848,Tiểu học THCS và THPT Việt Mỹ,,Sở Giáo dục và Đào tạo Hồ Chí Minh,,Tư thục,Trường phổ thông
79000849,THCS và THPT Đức Trí,39/23 Bùi Văn Ba khu phố 2,Sở Giáo dục và Đào tạo Hồ Chí Minh,,Tư thục,Trường phổ thông
79000850,THCS và THPT Đinh Thiện Lý,Lô 01 Khu A Nam Sài Gòn,Sở Giáo dục và Đào tạo Hồ Chí Minh,,Tư thục,Trường phổ thông
79000851,THCS - THPT Sao Việt,650q/15 Nguyễn Hữu Thọ,Sở Giáo dục và Đào tạo Hồ Chí Minh,,Tư thục,Trường phổ thông
79000852,TH THCS và THPT Nam Mỹ,,Sở Giáo dục và Đào tạo Hồ Chí Minh,,Tư thục,Trường phổ thông
79000853,Trung học thực hành Sài Gòn,220 Tần Bình Trọng,Sở Giáo dục và Đào tạo Hồ Chí Minh,,Công lập,Trường phổ thông
79000854,THCS - THPT Lạc Hồng,2276/5 Quốc lộ 1A,Sở Giáo dục và Đào tạo Hồ Chí Minh,,Tư thục,Trường phổ thông
79000855,THCS và THPT Quang Trung Nguyễn Huệ,223 Nguyễn Tri Phương,Sở Giáo dục và Đào tạo Hồ Chí Minh,,Tư thục,Trường phổ thông
79000856,THCS và THPT Khai Minh,410 Tân Kỳ Tân Quý,Sở Giáo dục và Đào tạo Hồ Chí Minh,,Tư thục,Trường phổ thông
79000857,THCS  VÀ THPT NGỌC VIỄN ĐÔNG,,Sở Giáo dục và Đào tạo Hồ Chí Minh,,Tư thục,Trường phổ thông
79000858,Tiểu học THCS và THPT Tân Phú,519 Kênh Tân Hóa,Sở Giáo dục và Đào tạo Hồ Chí Minh,,Tư thục,Trường phổ thông
79000859,THCS - THPT Bác Ái,187 Gò Cẩm Đệm P.10 Q.Tân Bình TP.HCM,Sở Giáo dục và Đào tạo Hồ Chí Minh,,Tư thục,Trường phổ thông
79000860,THCS và THPT Sương Nguyệt Anh,249 Hòa Hảo,Sở Giáo dục và Đào tạo Hồ Chí Minh,,Công lập,Trường phổ thông
79000861,THCS và THPT Diên Hồng,11 Thành Thái  phường 14 quận 10,Sở Giáo dục và Đào tạo Hồ Chí Minh,,Công lập,Trường phổ thông
79000865,THCS và THPT Hoa Lư,201 Phan Văn Hớn,Sở Giáo dục và Đào tạo Hồ Chí Minh,,Tư thục,Trường phổ thông
79000866,THCS và THPT Đào Duy Anh,355 Nguyễn Văn Luông,Sở Giáo dục và Đào tạo Hồ Chí Minh,,Tư thục,Trường phổ thông
79000868,THCS và THPT ĐINH TIÊN HOÀNG,85 Chế Lan Viên,Sở Giáo dục và Đào tạo Hồ Chí Minh,,Tư thục,Trường phổ thông
79000869,THPT Lương Thế Vinh,131 Cô Bắc,Sở Giáo dục và Đào tạo Hồ Chí Minh,,Công lập,Trường phổ thông
79000871,THPT Năng Khiếu TDTT,43 Điện Biên Phủ,Sở Giáo dục và Đào tạo Hồ Chí Minh,,Công lập,Năng khiếu thể dục thể thao
79000872,THCS và THPT Việt Anh,269A Nguyễn Trọng Tuyển P10 Phú Nhuận,Sở Giáo dục và Đào tạo Hồ Chí Minh,,Tư thục,Trường phổ thông
79000873,THCS và THPT Hoa Sen,26 Phan Chu Trinh,Sở Giáo dục và Đào tạo Hồ Chí Minh,,Tư thục,Trường phổ thông
79000874,Tiểu học THCS và THPT Vinschool,Tòa CC3 khu đô thị Vinhomes Central Park 720A Điện Biên Phủ,Sở Giáo dục và Đào tạo Hồ Chí Minh,,Tư thục,Trường phổ thông
79000876,THCS và THPT Thạnh An,,Sở Giáo dục và Đào tạo Hồ Chí Minh,,Công lập,Trường phổ thông
79000888,Tiểu học THCS và THPT Lê Thánh Tông,,Sở Giáo dục và Đào tạo Hồ Chí Minh,,Tư thục,Trường phổ thông
79000C01,PTDL Hermann Gmeiner,697 Quang Trung,Sở Giáo dục và Đào tạo Hồ Chí Minh,,Tư thục,Trường phổ thông
79000C03,Tiểu học THCS và THPT Việt Úc,594 Ba Tháng Hai - phường 14 - Quận 10 - Tp. HCM,Sở Giáo dục và Đào tạo Hồ Chí Minh,,Tư thục,Trường phổ thông
79000C04,THCS Song ngữ Quốc tế Horizon,6-6A-8 dường số 44,Sở Giáo dục và Đào tạo Hồ Chí Minh,,Tư thục,Trường phổ thông
79000C05,Tiểu học THCS và THPT Quốc tế Canada,Số 86 Đường 23,Sở Giáo dục và Đào tạo Hồ Chí Minh,,Tư thục,Trường phổ thông
79000C06,TiH - THCS - THPT QUỐC TẾ BẮC MỸ,1 Đường 5A Kdc Trung Sơn,Sở Giáo dục và Đào tạo Hồ Chí Minh,,Tư thục,Trường phổ thông
79000C07,Tiểu học THCS và THPT Thái Bình Dương,125 Bạch Đằng,Sở Giáo dục và Đào tạo Hồ Chí Minh,,Tư thục,Trường phổ thông
79000C09,TH THCS VÀ THPT Nguyễn Tri Phương,61a Đường 30,Sở Giáo dục và Đào tạo Hồ Chí Minh,,Tư thục,Trường phổ thông
79000C10,Tiểu học THCS và THPT Anh Quốc,,Sở Giáo dục và Đào tạo Hồ Chí Minh,,Tư thục,Trường phổ thông
79000C11,Tiểu học THCS và THPT Emasi Nam Long,,Sở Giáo dục và Đào tạo Hồ Chí Minh,,Tư thục,Trường phổ thông
79000C12,Tiểu học THCS và THPT Mỹ Việt,95 Phan Văn Hớn-Phường Tân Thới Nhất-Quận 12 - Thành Phố Hồ Chí Minh,Sở Giáo dục và Đào tạo Hồ Chí Minh,,Tư thục,Trường phổ thông
79000C13,Tiểu học THCS và THPT Emasi Vạn Phúc,,Sở Giáo dục và Đào tạo Hồ Chí Minh,,Tư thục,Trường phổ thông
79000C15,Tiểu học THCS và THPT Hoàng Gia,,Sở Giáo dục và Đào tạo Hồ Chí Minh,,Tư thục,Trường phổ thông
79000C19,Tiểu học THCS và THPT Albert Einstein,Khu Dân Cư 13c đại lộ Nguyễn Văn Linh xã Phong Phú huyện Bình Chánh TP Hồ Chí Minh,Sở Giáo dục và Đào tạo Hồ Chí Minh,,Tư thục,Trường phổ thông
79000F02,THPT chuyên Trần Đại Nghĩa,53 Nguyễn Du,Sở Giáo dục và Đào tạo Hồ Chí Minh,,Công lập,Trường chuyên
79000F03,THPT Chuyên Năng khiếu TDTT Nguyễn Thị Định,215 Đường Hoàng Ngân,Sở Giáo dục và Đào tạo Hồ Chí Minh,,Công lập,Trường phổ thông
7900QT01,Tiểu học THCS và THPT Quốc tế Khai Sáng,,Sở Giáo dục và Đào tạo Hồ Chí Minh,,Tư thục,Trường phổ thông
7900QT02,Trường Quốc tế Việt Nam - Phần Lan,,Sở Giáo dục và Đào tạo Hồ Chí Minh,,Tư thục,Trường phổ thông
7900QT2,Trường Quốc tế Việt Nam - Phần Lan,,Sở Giáo dục và Đào tạo Hồ Chí Minh,,Tư thục,Trường phổ thông
79760419,Tiểu học THCS  và THPT Quốc tế Á Châu,Số 41/3-41/4 Bis Trần Nhật Duật,Sở Giáo dục và Đào tạo Hồ Chí Minh,,Tư thục,Trường phổ thông
79767601,Tiểu học THCS và THPT Hòa Bình,69 Trịnh Đình Thảo,Sở Giáo dục và Đào tạo Hồ Chí Minh,,Tư thục,Trường phổ thông
79770601,TiH - THCS - THPT Tây Úc,157 Lý Chính Thắng,Sở Giáo dục và Đào tạo Hồ Chí Minh,,Tư thục,Trường phổ thông
79770702,Tiểu học THCS và THPT Úc Châu,,Sở Giáo dục và Đào tạo Hồ Chí Minh,,Tư thục,Trường phổ thông
79777418,Tiểu học THCS và THPT Ngôi Sao Nhỏ,10 Đường số 22 Phường Bình Trị Đông B Quận Bình Tân,Sở Giáo dục và Đào tạo Hồ Chí Minh,,Tư thục,Trường phổ thông
79760501,THCS Chu Văn An,115 Cống Quỳnh,Sở Giáo dục và Đào tạo Hồ Chí Minh,Phòng GDĐT quận 1,Công lập,Trường phổ thông
79760502,THCS Trần Văn Ơn,161B Nguyễn Văn Thủ,Sở Giáo dục và Đào tạo Hồ Chí Minh,Phòng GDĐT quận 1,Công lập,Trường phổ thông
79760503,THCS Minh Đức,75 Nguyễn Thái Học,Sở Giáo dục và Đào tạo Hồ Chí Minh,Phòng GDĐT quận 1,Công lập,Trường phổ thông
79760504,THCS Nguyễn Du Q1,139 Nguyễn Du,Sở Giáo dục và Đào tạo Hồ Chí Minh,Phòng GDĐT quận 1,Công lập,Trường phổ thông
79760505,THCS Văn Lang,51 Trần Quý Khách,Sở Giáo dục và Đào tạo Hồ Chí Minh,Phòng GDĐT quận 1,Công lập,Trường phổ thông
79760506,THCS Võ Trường Toản,11 Nguyễn Bỉnh Khiêm,Sở Giáo dục và Đào tạo Hồ Chí Minh,Phòng GDĐT quận 1,Công lập,Trường phổ thông
79760507,THCS Đức Trí,273 Nguyễn Trãi,Sở Giáo dục và Đào tạo Hồ Chí Minh,Phòng GDĐT quận 1,Công lập,Trường phổ thông
79760508,THCS Đồng Khởi,11 Phan Văn Trường,Sở Giáo dục và Đào tạo Hồ Chí Minh,Phòng GDĐT quận 1,Công lập,Trường phổ thông
79760509,THCS Huỳnh Khương Ninh,61 Huỳnh Khương Ninh,Sở Giáo dục và Đào tạo Hồ Chí Minh,Phòng GDĐT quận 1,Công lập,Trường phổ thông
79761501,THCS An Phú Đông,2688/1A Khu Phố 1,Sở Giáo dục và Đào tạo Hồ Chí Minh,Phòng GDĐT quận 12,Công lập,Trường phổ thông
79761502,THCS Nguyễn An Ninh,2384/36 Kp5,Sở Giáo dục và Đào tạo Hồ Chí Minh,Phòng GDĐT quận 12,Công lập,Trường phổ thông
79761503,THCS Phan Bội Châu,Đường ĐHT 30 Khu phố 4 Phường Đông Hưng Thuận Q12 TP.HCM,Sở Giáo dục và Đào tạo Hồ Chí Minh,Phòng GDĐT quận 12,Công lập,Trường phổ thông
79761504,THCS Lương Thế Vinh,301/34 Kp3,Sở Giáo dục và Đào tạo Hồ Chí Minh,Phòng GDĐT quận 12,Công lập,Trường phổ thông
79761505,THCS Nguyễn Ảnh Thủ,224 Phan Văn Hớn Khu Phố 6 P.Tân Thới Nhất Q12TPHCM,Sở Giáo dục và Đào tạo Hồ Chí Minh,Phòng GDĐT quận 12,Công lập,Trường phổ thông
79761506,THCS Nguyễn Vĩnh Nghiệp,51/5B Kp2,Sở Giáo dục và Đào tạo Hồ Chí Minh,Phòng GDĐT quận 12,Công lập,Trường phổ thông
79761507,THCS Nguyễn Hiền,Khu Phố 3a,Sở Giáo dục và Đào tạo Hồ Chí Minh,Phòng GDĐT quận 12,Công lập,Trường phổ thông
79761508,THCS Trần Quang Khải,641 Kp8,Sở Giáo dục và Đào tạo Hồ Chí Minh,Phòng GDĐT quận 12,Công lập,Trường phổ thông
79761509,THCS Nguyễn Huệ,2K Nguyễn Thị Đặng Khu phố 6,Sở Giáo dục và Đào tạo Hồ Chí Minh,Phòng GDĐT quận 12,Công lập,Trường phổ thông
79761510,THCS Trần Hưng Đạo,Khu Phố 1,Sở Giáo dục và Đào tạo Hồ Chí Minh,Phòng GDĐT quận 12,Công lập,Trường phổ thông
79761511,THCS Nguyễn Trung Trực,364 Đường TA28  Kp 5 phường Thới An quận 12,Sở Giáo dục và Đào tạo Hồ Chí Minh,Phòng GDĐT quận 12,Công lập,Trường phổ thông
79761512,THCS Nguyễn Chí Thanh,Khu phố 3,Sở Giáo dục và Đào tạo Hồ Chí Minh,Phòng GDĐT quận 12,Công lập,Trường phổ thông
79761513,THCS Hà Huy Tập,Khu phố 5 phường Đông Hưng Thuận Q12 TP.HCM,Sở Giáo dục và Đào tạo Hồ Chí Minh,Phòng GDĐT quận 12,Công lập,Trường phổ thông
79761514,THCS Trần Phú,,Sở Giáo dục và Đào tạo Hồ Chí Minh,Phòng GDĐT quận 12,Công lập,Trường phổ thông
79762501,THCS Lê Quý Đôn,234 Võ Văn Ngân,Sở Giáo dục và Đào tạo Hồ Chí Minh,Phòng GDĐT Thủ Đức,Công lập,Trường phổ thông
79762502,THCS Trương Văn Ngư,49 Võ Văn Ngân KP2,Sở Giáo dục và Đào tạo Hồ Chí Minh,Phòng GDĐT Thủ Đức,Công lập,Trường phổ thông
79762503,THCS Ngô Chí Quốc,Số 23 Đường 27 Kp9,Sở Giáo dục và Đào tạo Hồ Chí Minh,Phòng GDĐT Thủ Đức,Công lập,Trường phổ thông
79762504,THCS Hiệp Bình,số 4 đường số 4 Kp6,Sở Giáo dục và Đào tạo Hồ Chí Minh,Phòng GDĐT Thủ Đức,Công lập,Trường phổ thông
79762505,THCS Thái Văn Lung,35 Phú Châu,Sở Giáo dục và Đào tạo Hồ Chí Minh,Phòng GDĐT Thủ Đức,Công lập,Trường phổ thông
79762506,THCS Tam Bình,Số 2 Đường 10 Kp4,Sở Giáo dục và Đào tạo Hồ Chí Minh,Phòng GDĐT Thủ Đức,Công lập,Trường phổ thông
79762507,THCS Xuân Trường,47 QL1K Kp2,Sở Giáo dục và Đào tạo Hồ Chí Minh,Phòng GDĐT Thủ Đức,Công lập,Trường phổ thông
79762508,THCS Linh Trung,số 5 Kp2,Sở Giáo dục và Đào tạo Hồ Chí Minh,Phòng GDĐT Thủ Đức,Công lập,Trường phổ thông
79762509,THCS Linh Đông,Kp4,Sở Giáo dục và Đào tạo Hồ Chí Minh,Phòng GDĐT Thủ Đức,Công lập,Trường phổ thông
79762510,THCS Bình Chiểu,Số 2 Kp3 đường Bình Chiểu,Sở Giáo dục và Đào tạo Hồ Chí Minh,Phòng GDĐT Thủ Đức,Công lập,Trường phổ thông
79762511,THCS Bình Thọ,39 Thống Nhất,Sở Giáo dục và Đào tạo Hồ Chí Minh,Phòng GDĐT Thủ Đức,Công lập,Trường phổ thông
79762512,THCS Lê Văn Việt,15 Nguyễn  Bá Luật kp2 p.Bình Thọ. q.Thủ Đức TP.HCM,Sở Giáo dục và Đào tạo Hồ Chí Minh,Phòng GDĐT Thủ Đức,Công lập,Trường phổ thông
79762514,THCS Nguyễn Văn Bá,99/21 Đường 11 Kp4,Sở Giáo dục và Đào tạo Hồ Chí Minh,Phòng GDĐT Thủ Đức,Công lập,Trường phổ thông
79762515,THCS Trường Thọ,71/25 Đường 8 Khu Phố 2 Phường Trường Thọ Quận Thủ Đức,Sở Giáo dục và Đào tạo Hồ Chí Minh,Phòng GDĐT Thủ Đức,Công lập,Trường phổ thông
79762516,THCS Dương Văn Thì,,Sở Giáo dục và Đào tạo Hồ Chí Minh,Phòng GDĐT Thủ Đức,Công lập,Trường phổ thông
79763501,THCS Phước Bình,02 Đường 22 Phước Bình,Sở Giáo dục và Đào tạo Hồ Chí Minh,Phòng GDĐT quận 9,Công lập,Trường phổ thông
79763502,THCS Hưng Bình,819 Nguyễn Xiển KP Long Hòa P. Long Thạnh Mỹ Q.9,Sở Giáo dục và Đào tạo Hồ Chí Minh,Phòng GDĐT quận 9,Công lập,Trường phổ thông
79763503,THCS Hoa Lư,Đường Quang Trung,Sở Giáo dục và Đào tạo Hồ Chí Minh,Phòng GDĐT quận 9,Công lập,Trường phổ thông
79763504,THCS Trần Quốc Toản,381 đường Lê Văn Việt,Sở Giáo dục và Đào tạo Hồ Chí Minh,Phòng GDĐT quận 9,Công lập,Trường phổ thông
79763505,THCS Long Trường,Nguyễn Duy TrinhKhu phố Ông Nhiêu,Sở Giáo dục và Đào tạo Hồ Chí Minh,Phòng GDĐT quận 9,Công lập,Trường phổ thông
79763506,THCS Long Phước,18 Đường 6 Kp Long Thuận,Sở Giáo dục và Đào tạo Hồ Chí Minh,Phòng GDĐT quận 9,Công lập,Trường phổ thông
79763507,THCS Đặng Tấn Tài,Đường 128 KP4 Phước Long A,Sở Giáo dục và Đào tạo Hồ Chí Minh,Phòng GDĐT quận 9,Công lập,Trường phổ thông
79763508,THCS Phú Hữu,Khu phố 1 Phường Phú Hữu Q9 Tp.HCM,Sở Giáo dục và Đào tạo Hồ Chí Minh,Phòng GDĐT quận 9,Công lập,Trường phổ thông
79763509,THCS Tân Phú,119 Nam Cao,Sở Giáo dục và Đào tạo Hồ Chí Minh,Phòng GDĐT quận 9,Công lập,Trường phổ thông
79763510,THCS Trường Thạnh,3/1 đường 3 KP Phước Hiệp,Sở Giáo dục và Đào tạo Hồ Chí Minh,Phòng GDĐT quận 9,Công lập,Trường phổ thông
79763511,THCS Long Bình,1080 Nguyễn Xiển KP.Bến Đò P. Long Bình Quận 9,Sở Giáo dục và Đào tạo Hồ Chí Minh,Phòng GDĐT quận 9,Công lập,Trường phổ thông
79763512,THCS Tăng Nhơn Phú B,Dương Đình Hội Khu phố 3 Phường Tăng Nhơn Phú B Quận 9 HCM,Sở Giáo dục và Đào tạo Hồ Chí Minh,Phòng GDĐT quận 9,Công lập,Trường phổ thông
79763513,THCS Hiệp Phú,,Sở Giáo dục và Đào tạo Hồ Chí Minh,Phòng GDĐT quận 9,Công lập,Trường phổ thông
79764501,THCS Nguyễn Văn Trỗi,112/24 Nguyễn Thái Sơn,Sở Giáo dục và Đào tạo Hồ Chí Minh,Phòng GDĐT Gò Vấp,Công lập,Trường phổ thông
79764502,THCS Nguyễn Du,119 Thống Nhất,Sở Giáo dục và Đào tạo Hồ Chí Minh,Phòng GDĐT Gò Vấp,Công lập,Trường phổ thông
79764503,THCS Gò Vấp,01 Nguyễn Du,Sở Giáo dục và Đào tạo Hồ Chí Minh,Phòng GDĐT Gò Vấp,Công lập,Trường phổ thông
79764504,THCS Quang Trung,387 Quang Trung Phường 10 Quận Gò Vấp TPHCM,Sở Giáo dục và Đào tạo Hồ Chí Minh,Phòng GDĐT Gò Vấp,Công lập,Trường phổ thông
79764505,THCS Phạm Văn Chiêu,Số 4 Phạm Văn Chiêu,Sở Giáo dục và Đào tạo Hồ Chí Minh,Phòng GDĐT Gò Vấp,Công lập,Trường phổ thông
79764507,THCS Phan Tây Hồ,18B/27 Thống Nhất,Sở Giáo dục và Đào tạo Hồ Chí Minh,Phòng GDĐT Gò Vấp,Công lập,Trường phổ thông
79764508,THCS An Nhơn,350/54/51 Lê Đức Thọ,Sở Giáo dục và Đào tạo Hồ Chí Minh,Phòng GDĐT Gò Vấp,Công lập,Trường phổ thông
79764509,THCS Nguyễn Văn Nghi,111 Lương Ngọc Quyến,Sở Giáo dục và Đào tạo Hồ Chí Minh,Phòng GDĐT Gò Vấp,Công lập,Trường phổ thông
79764510,THCS Trường Sơn,43 Nguyễn Văn Bảo,Sở Giáo dục và Đào tạo Hồ Chí Minh,Phòng GDĐT Gò Vấp,Công lập,Trường phổ thông
79764511,THCS Thông Tây Hội,01 Quang Trung,Sở Giáo dục và Đào tạo Hồ Chí Minh,Phòng GDĐT Gò Vấp,Công lập,Trường phổ thông
79764512,THCS Lý Tự Trọng,578 Lê Đức Thọ,Sở Giáo dục và Đào tạo Hồ Chí Minh,Phòng GDĐT Gò Vấp,Công lập,Trường phổ thông
79764513,THCS Nguyễn Trãi,1370 Lê Đức Thọ,Sở Giáo dục và Đào tạo Hồ Chí Minh,Phòng GDĐT Gò Vấp,Công lập,Trường phổ thông
79764514,THCS Tân Sơn,162/27 Nguyễn Duy Cung,Sở Giáo dục và Đào tạo Hồ Chí Minh,Phòng GDĐT Gò Vấp,Công lập,Trường phổ thông
79764515,THCS Huỳnh Văn Nghệ,237/65 Phạm Văn Chiêu,Sở Giáo dục và Đào tạo Hồ Chí Minh,Phòng GDĐT Gò Vấp,Công lập,Trường phổ thông
79764516,THCS Phan Văn Trị,468/2/2 Phan Văn Trị Phường 7 Gò Vấp,Sở Giáo dục và Đào tạo Hồ Chí Minh,Phòng GDĐT Gò Vấp,Công lập,Trường phổ thông
79765501,THCS Lam Sơn,280 Bùi Hữu Nghĩa,Sở Giáo dục và Đào tạo Hồ Chí Minh,Phòng GDĐT Bình Thạnh,Công lập,Trường phổ thông
79765502,THCS Hà Huy Tập,Số 7 Phan Đăng Lưu,Sở Giáo dục và Đào tạo Hồ Chí Minh,Phòng GDĐT Bình Thạnh,Công lập,Trường phổ thông
79765503,THCS Nguyễn Văn Bé,206 Nguyễn Văn Đậu,Sở Giáo dục và Đào tạo Hồ Chí Minh,Phòng GDĐT Bình Thạnh,Công lập,Trường phổ thông
79765504,THCS Rạng Đông,17 Ngô Đức Kế p.12 QBình Thạnh,Sở Giáo dục và Đào tạo Hồ Chí Minh,Phòng GDĐT Bình Thạnh,Công lập,Trường phổ thông
79765505,THCS Bình Lợi Trung,179 Đường Trục,Sở Giáo dục và Đào tạo Hồ Chí Minh,Phòng GDĐT Bình Thạnh,Công lập,Trường phổ thông
79765506,THCS Lê Văn Tám,107F Chu Văn An,Sở Giáo dục và Đào tạo Hồ Chí Minh,Phòng GDĐT Bình Thạnh,Công lập,Trường phổ thông
79765507,THCS Phú Mỹ,120B Ngô Tất Tố,Sở Giáo dục và Đào tạo Hồ Chí Minh,Phòng GDĐT Bình Thạnh,Công lập,Trường phổ thông
79765508,THCS Cửu Long,102 Ngô Tất Tố,Sở Giáo dục và Đào tạo Hồ Chí Minh,Phòng GDĐT Bình Thạnh,Công lập,Trường phổ thông
79765509,THCS Đống Đa,217 Đường D2 Phường 25 Quận Bình Thạnh,Sở Giáo dục và Đào tạo Hồ Chí Minh,Phòng GDĐT Bình Thạnh,Công lập,Trường phổ thông
79765510,THCS Thanh Đa,Cạnh Lô L Cư Xá Thanh Đa,Sở Giáo dục và Đào tạo Hồ Chí Minh,Phòng GDĐT Bình Thạnh,Công lập,Trường phổ thông
79765511,THCS  Trương Công Định,131 Đinh Tiên Hoàng,Sở Giáo dục và Đào tạo Hồ Chí Minh,Phòng GDĐT Bình Thạnh,Công lập,Trường phổ thông
79765512,THCS Yên Thế,399 Lê Quang Định,Sở Giáo dục và Đào tạo Hồ Chí Minh,Phòng GDĐT Bình Thạnh,Công lập,Trường phổ thông
79765513,THCS Điện Biên,200 Điện Biên Phủ,Sở Giáo dục và Đào tạo Hồ Chí Minh,Phòng GDĐT Bình Thạnh,Công lập,Trường phổ thông
79765514,THCS Cù Chính Lan,17/49 Thanh Đa,Sở Giáo dục và Đào tạo Hồ Chí Minh,Phòng GDĐT Bình Thạnh,Công lập,Trường phổ thông
79765515,THCS Bình Quới Tây,376A Bình Quới,Sở Giáo dục và Đào tạo Hồ Chí Minh,Phòng GDĐT Bình Thạnh,Công lập,Trường phổ thông
79766501,THCS Ngô Sĩ Liên,12 Phạm Văn Hai,Sở Giáo dục và Đào tạo Hồ Chí Minh,Phòng GDĐT Tân Bình,Công lập,Trường phổ thông
79766502,THCS Trần Văn Đang,27 Nghĩa Hoà,Sở Giáo dục và Đào tạo Hồ Chí Minh,Phòng GDĐT Tân Bình,Công lập,Trường phổ thông
79766503,THCS Nguyễn Gia Thiều,272 Lý Thường Kiệt,Sở Giáo dục và Đào tạo Hồ Chí Minh,Phòng GDĐT Tân Bình,Công lập,Trường phổ thông
79766504,THCS Quang Trung,14-16 Tân Lập,Sở Giáo dục và Đào tạo Hồ Chí Minh,Phòng GDĐT Tân Bình,Công lập,Trường phổ thông
79766505,THCS Lý Thường Kiệt,104 Thiên Phước,Sở Giáo dục và Đào tạo Hồ Chí Minh,Phòng GDĐT Tân Bình,Công lập,Trường phổ thông
79766506,THCS Võ Văn Tần,261 Võ Thành Trang,Sở Giáo dục và Đào tạo Hồ Chí Minh,Phòng GDĐT Tân Bình,Công lập,Trường phổ thông
79766507,THCS Hoàng Hoa Thám,135 Hoàng Hoa Thám,Sở Giáo dục và Đào tạo Hồ Chí Minh,Phòng GDĐT Tân Bình,Công lập,Trường phổ thông
79766508,THCS Âu Lạc,46 Hoàng Việt phường 4 quận Tân Bình,Sở Giáo dục và Đào tạo Hồ Chí Minh,Phòng GDĐT Tân Bình,Công lập,Trường phổ thông
79766509,THCS Tân Bình,873 Cách Mạng Tháng Tám,Sở Giáo dục và Đào tạo Hồ Chí Minh,Phòng GDĐT Tân Bình,Công lập,Trường phổ thông
79766510,THCS Phạm Ngọc Thạch,17-19 Âu Cơ,Sở Giáo dục và Đào tạo Hồ Chí Minh,Phòng GDĐT Tân Bình,Công lập,Trường phổ thông
79766511,THCS Ngô Quyền,97 Trường Chinh,Sở Giáo dục và Đào tạo Hồ Chí Minh,Phòng GDĐT Tân Bình,Công lập,Trường phổ thông
79766512,THCS Trường Chinh,162t Trường Chinh,Sở Giáo dục và Đào tạo Hồ Chí Minh,Phòng GDĐT Tân Bình,Công lập,Trường phổ thông
79766513,THCS Trần Văn Quang,Ni sư Huỳnh Liên Phường 10 Quận Tân Bình,Sở Giáo dục và Đào tạo Hồ Chí Minh,Phòng GDĐT Tân Bình,Công lập,Trường phổ thông
79767418,THCS Hồng Ngọc,58/4 Lũy Bán Bích,Sở Giáo dục và Đào tạo Hồ Chí Minh,Phòng GDĐT Tân Phú,Tư thục,Trường phổ thông
79767501,THCS Đặng Trần Côn,15/29 Cầu Xéo,Sở Giáo dục và Đào tạo Hồ Chí Minh,Phòng GDĐT Tân Phú,Công lập,Trường phổ thông
79767502,THCS Lê Lợi,47/22a Đường S11,Sở Giáo dục và Đào tạo Hồ Chí Minh,Phòng GDĐT Tân Phú,Công lập,Trường phổ thông
79767503,THCS Võ Thành Trang,218 Tân Quý,Sở Giáo dục và Đào tạo Hồ Chí Minh,Phòng GDĐT Tân Phú,Công lập,Trường phổ thông
79767504,THCS Đồng Khởi,20 Thạch Lam,Sở Giáo dục và Đào tạo Hồ Chí Minh,Phòng GDĐT Tân Phú,Công lập,Trường phổ thông
79767505,THCS Hùng Vương,20f Lương Minh Nguyệt,Sở Giáo dục và Đào tạo Hồ Chí Minh,Phòng GDĐT Tân Phú,Công lập,Trường phổ thông
79767506,THCS Lê Anh Xuân,211/53 Vườn Lài,Sở Giáo dục và Đào tạo Hồ Chí Minh,Phòng GDĐT Tân Phú,Công lập,Trường phổ thông
79767507,THCS Phan Bội Châu,35 Độc Lập,Sở Giáo dục và Đào tạo Hồ Chí Minh,Phòng GDĐT Tân Phú,Công lập,Trường phổ thông
79767508,THCS Tân Thới Hòa,149/15 Lý Thánh Tông phường Tân Thới Hòa quận Tân Phú TP.HCM,Sở Giáo dục và Đào tạo Hồ Chí Minh,Phòng GDĐT Tân Phú,Công lập,Trường phổ thông
79767509,THCS Thoại Ngọc Hầu,24 Huỳnh Văn Chính,Sở Giáo dục và Đào tạo Hồ Chí Minh,Phòng GDĐT Tân Phú,Công lập,Trường phổ thông
79767510,THCS Trần Quang Khải,94/3 Nguyễn Thế Truyện,Sở Giáo dục và Đào tạo Hồ Chí Minh,Phòng GDĐT Tân Phú,Công lập,Trường phổ thông
79767511,THCS Nguyễn Huệ,289 Thành Công,Sở Giáo dục và Đào tạo Hồ Chí Minh,Phòng GDĐT Tân Phú,Công lập,Trường phổ thông
79767512,THCS Hoàng Diệu,,Sở Giáo dục và Đào tạo Hồ Chí Minh,Phòng GDĐT Tân Phú,Công lập,Trường phổ thông
79767513,THCS Tôn Thất Tùng,3 đường D2 phường Sơn Kỳ quận Tân Phú TP HCM,Sở Giáo dục và Đào tạo Hồ Chí Minh,Phòng GDĐT Tân Phú,Công lập,Trường phổ thông
79768501,THCS Cầu Kiệu,244 Phan Đình Phùng,Sở Giáo dục và Đào tạo Hồ Chí Minh,Phòng GDĐT Phú Nhuận,Công lập,Trường phổ thông
79768502,TRƯỜNG THCS Độc Lập,94 Thích Quảng Đức,Sở Giáo dục và Đào tạo Hồ Chí Minh,Phòng GDĐT Phú Nhuận,Công lập,Trường phổ thông
79768503,THCS Ngô Tất Tố,17 Đặng Văn Ngữ,Sở Giáo dục và Đào tạo Hồ Chí Minh,Phòng GDĐT Phú Nhuận,Công lập,Trường phổ thông
79768504,THCS Châu Văn Liêm,93 Phan Đăng Lưu,Sở Giáo dục và Đào tạo Hồ Chí Minh,Phòng GDĐT Phú Nhuận,Công lập,Trường phổ thông
79768506,THCS Đào Duy Anh,14 Lê Quí Đôn,Sở Giáo dục và Đào tạo Hồ Chí Minh,Phòng GDĐT Phú Nhuận,Công lập,Trường phổ thông
79768507,THCS Trần Huy Liệu,94 Nguyễn Đình Chiểu,Sở Giáo dục và Đào tạo Hồ Chí Minh,Phòng GDĐT Phú Nhuận,Công lập,Trường phổ thông
79769411,TH - THCS Tuệ Đức,1/5 Bis Lương Định Của,Sở Giáo dục và Đào tạo Hồ Chí Minh,Phòng GDĐT quận 2,Tư thục,Trường phổ thông
79769501,THCS An Phú,589C Khu phố 4,Sở Giáo dục và Đào tạo Hồ Chí Minh,Phòng GDĐT quận 2,Công lập,Trường phổ thông
79769502,THCS Giồng Ông Tố,256B Nguyễn Duy Trinh,Sở Giáo dục và Đào tạo Hồ Chí Minh,Phòng GDĐT quận 2,Công lập,Trường phổ thông
79769503,THCS Nguyễn Văn Trỗi,571 Nguyễn Duy Trinh,Sở Giáo dục và Đào tạo Hồ Chí Minh,Phòng GDĐT quận 2,Công lập,Trường phổ thông
79769504,THCS Thạnh Mỹ Lợi,42 đường 5 Khu phố 2,Sở Giáo dục và Đào tạo Hồ Chí Minh,Phòng GDĐT quận 2,Công lập,Trường phổ thông
79769506,THCS Lương Định Của,Số 2 Đường Lê Hiến Mai,Sở Giáo dục và Đào tạo Hồ Chí Minh,Phòng GDĐT quận 2,Công lập,Trường phổ thông
79769507,THCS Bình An,25 Đường 34 Kp2,Sở Giáo dục và Đào tạo Hồ Chí Minh,Phòng GDĐT quận 2,Công lập,Trường phổ thông
79769508,THCS Nguyễn Thị Định,Số 2 Đường 7 Kp2,Sở Giáo dục và Đào tạo Hồ Chí Minh,Phòng GDĐT quận 2,Công lập,Trường phổ thông
79769509,THCS Trần Quốc Toản,218 Vũ Tông Phan Phường An Phú Quận 2,Sở Giáo dục và Đào tạo Hồ Chí Minh,Phòng GDĐT quận 2,Công lập,Trường phổ thông
79769510,THCS Cát Lái,Số 15 Đường 69 KP3 Phường Cát Lái Quận 2,Sở Giáo dục và Đào tạo Hồ Chí Minh,Phòng GDĐT quận 2,Công lập,Trường phổ thông
79770501,THCS Bàn Cờ,16 Đường Số 3 C/x Đô Thành,Sở Giáo dục và Đào tạo Hồ Chí Minh,Phòng GDĐT quận 3,Công lập,Trường phổ thông
79770502,THCS Colette,10 Hồ Xuân Hương Phuờng 6 Quận 3,Sở Giáo dục và Đào tạo Hồ Chí Minh,Phòng GDĐT quận 3,Công lập,Trường phổ thông
79770503,THCS Đoàn Thị Điểm,413/86 Lê Văn Sỹ,Sở Giáo dục và Đào tạo Hồ Chí Minh,Phòng GDĐT quận 3,Công lập,Trường phổ thông
79770504,THCS Hai Bà Trưng,295 Hai Bà Trưng,Sở Giáo dục và Đào tạo Hồ Chí Minh,Phòng GDĐT quận 3,Công lập,Trường phổ thông
79770505,THCS Lê lợi,282 Võ Thị Sáu,Sở Giáo dục và Đào tạo Hồ Chí Minh,Phòng GDĐT quận 3,Công lập,Trường phổ thông
79770506,THCS Lê Quý Đôn,9B Võ Văn Tần,Sở Giáo dục và Đào tạo Hồ Chí Minh,Phòng GDĐT quận 3,Công lập,Trường phổ thông
79770507,THCS Lương Thế Vinh,474 CMT8,Sở Giáo dục và Đào tạo Hồ Chí Minh,Phòng GDĐT quận 3,Công lập,Trường phổ thông
79770508,THCS Thăng Long,482-484 Nguyễn Thị Minh Khai,Sở Giáo dục và Đào tạo Hồ Chí Minh,Phòng GDĐT quận 3,Công lập,Trường phổ thông
79770509,THCS Bạch Đằng,386/42 Lê Văn Sỹ,Sở Giáo dục và Đào tạo Hồ Chí Minh,Phòng GDĐT quận 3,Công lập,Trường phổ thông
79770510,THCS Kiến Thiết,223/4 Nguyễn Đình Chiểu,Sở Giáo dục và Đào tạo Hồ Chí Minh,Phòng GDĐT quận 3,Công lập,Trường phổ thông
79770511,THCS Phan Sào Nam,657 Điện Biên Phủ,Sở Giáo dục và Đào tạo Hồ Chí Minh,Phòng GDĐT quận 3,Công lập,Trường phổ thông
79771501,THCS Hoàng Văn Thụ,322 Nguyễn Tri Phương,Sở Giáo dục và Đào tạo Hồ Chí Minh,Phòng GDĐT quận 10,Công lập,Trường phổ thông
79771502,THCS Nguyễn Tri Phương,26 Nguyễn Lâm,Sở Giáo dục và Đào tạo Hồ Chí Minh,Phòng GDĐT quận 10,Công lập,Trường phổ thông
79771503,THCS Nguyễn Văn Tố,332 - 334 Tô Hiến Thành,Sở Giáo dục và Đào tạo Hồ Chí Minh,Phòng GDĐT quận 10,Công lập,Trường phổ thông
79771504,THCS Lạc Hồng,436/4 Ba Tháng Hai,Sở Giáo dục và Đào tạo Hồ Chí Minh,Phòng GDĐT quận 10,Công lập,Trường phổ thông
79771505,THCS Trần Phú,82 Cửu Long,Sở Giáo dục và Đào tạo Hồ Chí Minh,Phòng GDĐT quận 10,Công lập,Trường phổ thông
79771507,THCS Cách Mạng Tháng Tám,289 Cách Mạng Tháng 8,Sở Giáo dục và Đào tạo Hồ Chí Minh,Phòng GDĐT quận 10,Công lập,Trường phổ thông
79772501,THCS Nguyễn Văn Phú,161B/112 Lạc Long Quân,Sở Giáo dục và Đào tạo Hồ Chí Minh,Phòng GDĐT quận 11,Công lập,Trường phổ thông
79772502,THCS Lê Quý Đôn,343D Lạc Long Quân,Sở Giáo dục và Đào tạo Hồ Chí Minh,Phòng GDĐT quận 11,Công lập,Trường phổ thông
79772503,THCS Nguyễn Huệ,429/9 Lạc Long Quân,Sở Giáo dục và Đào tạo Hồ Chí Minh,Phòng GDĐT quận 11,Công lập,Trường phổ thông
79772504,THCS Nguyễn Minh Hoàng,185/2 Lý Thường Kiệt,Sở Giáo dục và Đào tạo Hồ Chí Minh,Phòng GDĐT quận 11,Công lập,Trường phổ thông
79772505,THCS Chu Văn An,01 Dương Đình Nghệ,Sở Giáo dục và Đào tạo Hồ Chí Minh,Phòng GDĐT quận 11,Công lập,Trường phổ thông
79772506,THCS Lê Anh Xuân,40 đường 762 Hồng Bàng,Sở Giáo dục và Đào tạo Hồ Chí Minh,Phòng GDĐT quận 11,Công lập,Trường phổ thông
79772507,THCS Phú Thọ,1122 đường 3/2,Sở Giáo dục và Đào tạo Hồ Chí Minh,Phòng GDĐT quận 11,Công lập,Trường phổ thông
79772508,THCS Lữ Gia,52/1A cư xá Lữ Gia,Sở Giáo dục và Đào tạo Hồ Chí Minh,Phòng GDĐT quận 11,Công lập,Trường phổ thông
79772509,THCS Hậu Giang,8 Lò Siêu,Sở Giáo dục và Đào tạo Hồ Chí Minh,Phòng GDĐT quận 11,Công lập,Trường phổ thông
79772511,THCS Việt Mỹ,252 Lạc Long Quân,Sở Giáo dục và Đào tạo Hồ Chí Minh,Phòng GDĐT quận 11,Tư thục,Trường phổ thông
79773501,THCS Nguyễn Huệ,42 Nguyễn Khoái,Sở Giáo dục và Đào tạo Hồ Chí Minh,Phòng GDĐT quận 4,Công lập,Trường phổ thông
79773502,THCS Quang Trung,209 Đường 14,Sở Giáo dục và Đào tạo Hồ Chí Minh,Phòng GDĐT quận 4,Công lập,Trường phổ thông
79773503,THCS Tăng Bạt Hổ,92 B/20 Bis Tôn Thất Thuyết,Sở Giáo dục và Đào tạo Hồ Chí Minh,Phòng GDĐT quận 4,Công lập,Trường phổ thông
79773504,THCS Vân Đồn,243 Hoàng Diệu Phường 8 Quận 4,Sở Giáo dục và Đào tạo Hồ Chí Minh,Phòng GDĐT quận 4,Công lập,Trường phổ thông
79773506,THCS Chi Lăng,129/63A Nguyễn Hữu Hào,Sở Giáo dục và Đào tạo Hồ Chí Minh,Phòng GDĐT quận 4,Công lập,Trường phổ thông
79773507,THCS Khánh Hội,A75 Nguyễn Thần Hiến,Sở Giáo dục và Đào tạo Hồ Chí Minh,Phòng GDĐT quận 4,Công lập,Trường phổ thông
79774501,THCS Ba Đình,129 Phan Văn Trị,Sở Giáo dục và Đào tạo Hồ Chí Minh,Phòng GDĐT quận 5,Công lập,Trường phổ thông
79774502,Trung học cơ sở Kim Đồng,503 Phan Văn Trị,Sở Giáo dục và Đào tạo Hồ Chí Minh,Phòng GDĐT quận 5,Công lập,Trường phổ thông
79774503,THCS Hồng Bàng,132 Hồng Bàng,Sở Giáo dục và Đào tạo Hồ Chí Minh,Phòng GDĐT quận 5,Công lập,Trường phổ thông
79774504,THCS Trần Bội Cơ,266 Hải Thượng Lãn Ông,Sở Giáo dục và Đào tạo Hồ Chí Minh,Phòng GDĐT quận 5,Công lập,Trường phổ thông
79774505,THCS Lý Phong,83 Nguyễn Duy Dương,Sở Giáo dục và Đào tạo Hồ Chí Minh,Phòng GDĐT quận 5,Công lập,Trường phổ thông
79774506,THCS Mạch Kiếm Hùng,712 Nguyễn Trãi,Sở Giáo dục và Đào tạo Hồ Chí Minh,Phòng GDĐT quận 5,Công lập,Trường phổ thông
79774601,THCS Văn Lang,02-04 Tân Thành,Sở Giáo dục và Đào tạo Hồ Chí Minh,Phòng GDĐT quận 5,Tư thục,Trường phổ thông
79775421,TH - THCS QT Mỹ Úc(TH),62_62A Minh Phung,Sở Giáo dục và Đào tạo Hồ Chí Minh,Phòng GDĐT quận 6,Tư thục,Trường phổ thông
79775501,THCS Nguyễn Đức Cảnh,242-minh Phụng,Sở Giáo dục và Đào tạo Hồ Chí Minh,Phòng GDĐT quận 6,Công lập,Trường phổ thông
79775502,THCS Phú Định,94bis Lý Chiêu Hoàng,Sở Giáo dục và Đào tạo Hồ Chí Minh,Phòng GDĐT quận 6,Công lập,Trường phổ thông
79775503,THCS Hậu Giang,176/1A Hậu Giang,Sở Giáo dục và Đào tạo Hồ Chí Minh,Phòng GDĐT quận 6,Công lập,Trường phổ thông
79775504,THCS Phạm Đình Hổ,270 Gia Phú,Sở Giáo dục và Đào tạo Hồ Chí Minh,Phòng GDĐT quận 6,Công lập,Trường phổ thông
79775505,THCS Đoàn Kết,183A Tân Hoà Đông,Sở Giáo dục và Đào tạo Hồ Chí Minh,Phòng GDĐT quận 6,Công lập,Trường phổ thông
79775506,THCS Nguyễn Văn Luông,241/159 Nguyễn Văn Luông Phường 11 Quận 6,Sở Giáo dục và Đào tạo Hồ Chí Minh,Phòng GDĐT quận 6,Công lập,Trường phổ thông
79775507,Trường THCS Lam Sơn,805a Hậu Giang,Sở Giáo dục và Đào tạo Hồ Chí Minh,Phòng GDĐT quận 6,Công lập,Trường phổ thông
79775508,THCS Bình Tây,36A Bình Tây,Sở Giáo dục và Đào tạo Hồ Chí Minh,Phòng GDĐT quận 6,Công lập,Trường phổ thông
79775509,THCS Văn Thân,118B Văn Thân,Sở Giáo dục và Đào tạo Hồ Chí Minh,Phòng GDĐT quận 6,Công lập,Trường phổ thông
79775510,THCS Hoàng Lê Kha,383-391 Bến Phú Lâm,Sở Giáo dục và Đào tạo Hồ Chí Minh,Phòng GDĐT quận 6,Công lập,Trường phổ thông
79776501,THCS Dương Bá Trạc,134 Dương Bá Trạc,Sở Giáo dục và Đào tạo Hồ Chí Minh,Phòng GDĐT quận 8,Công lập,Trường phổ thông
79776502,THCS Khánh Bình,314B Âu Dương Lân Phường 3 Quận 8,Sở Giáo dục và Đào tạo Hồ Chí Minh,Phòng GDĐT quận 8,Công lập,Trường phổ thông
79776503,THCS Chánh Hưng,995 Phạm Thế Hiển,Sở Giáo dục và Đào tạo Hồ Chí Minh,Phòng GDĐT quận 8,Công lập,Trường phổ thông
79776504,THCS Sương Nguyệt Anh,53 Bùi Minh Trực,Sở Giáo dục và Đào tạo Hồ Chí Minh,Phòng GDĐT quận 8,Công lập,Trường phổ thông
79776505,THCS Phan Đăng Lưu,104 Bis Bùi Minh Trực,Sở Giáo dục và Đào tạo Hồ Chí Minh,Phòng GDĐT quận 8,Công lập,Trường phổ thông
79776506,THCS Trần Danh Ninh,121 Ba Đình,Sở Giáo dục và Đào tạo Hồ Chí Minh,Phòng GDĐT quận 8,Công lập,Trường phổ thông
79776507,THCS Tùng Thiện Vương,381 Tùng thiện Vương P12 Q8 TP. Hồ Chí Minh,Sở Giáo dục và Đào tạo Hồ Chí Minh,Phòng GDĐT quận 8,Công lập,Trường phổ thông
79776508,THCS Lê Lai,236 Bình Đông P.15,Sở Giáo dục và Đào tạo Hồ Chí Minh,Phòng GDĐT quận 8,Công lập,Trường phổ thông
79776509,THCS Bình An,2673 Phạm Thế Hiển,Sở Giáo dục và Đào tạo Hồ Chí Minh,Phòng GDĐT quận 8,Công lập,Trường phổ thông
79776510,THCS Bình Đông,58 Bến Phú Định,Sở Giáo dục và Đào tạo Hồ Chí Minh,Phòng GDĐT quận 8,Công lập,Trường phổ thông
79776511,THCS Lý Thánh Tông,481 Ba Đình,Sở Giáo dục và Đào tạo Hồ Chí Minh,Phòng GDĐT quận 8,Công lập,Trường phổ thông
79776512,THCS Phú Lợi,số 56 đường Trịnh Quang Nghị phường 7 Quận 8 Thành phố Hồ Chí Minh,Sở Giáo dục và Đào tạo Hồ Chí Minh,Phòng GDĐT quận 8,Công lập,Trường phổ thông
79777501,THCSCL An Lạc,4b Phùng Tá Chu  KP7 phường  An Lạc A Quận Bình Tân thành phố Hồ Chí Minh.,Sở Giáo dục và Đào tạo Hồ Chí Minh,Phòng GDĐT Bình Tân,Công lập,Trường phổ thông
79777502,THCSCL Hồ Văn Long,52 Hồ Văn Long Kp4,Sở Giáo dục và Đào tạo Hồ Chí Minh,Phòng GDĐT Bình Tân,Công lập,Trường phổ thông
79777503,THCSCL Bình Hưng Hòa,10/47 quốc lộ 1A Kp3,Sở Giáo dục và Đào tạo Hồ Chí Minh,Phòng GDĐT Bình Tân,Công lập,Trường phổ thông
79777504,THCS Bình Trị Đông,B15/22c Hương Lộ 2p Bình Trị Đôngq Bình TânHCM,Sở Giáo dục và Đào tạo Hồ Chí Minh,Phòng GDĐT Bình Tân,Công lập,Trường phổ thông
79777505,THCSCL Bình Tân,173/171 Đường An Dương Vương KP4P.An LạcTPHCM,Sở Giáo dục và Đào tạo Hồ Chí Minh,Phòng GDĐT Bình Tân,Công lập,Trường phổ thông
79777506,THCSCL Lê Tấn Bê,Đường Số 2d Khu Phố 3phường An Lạc quận Bình Tân Tp.HCM,Sở Giáo dục và Đào tạo Hồ Chí Minh,Phòng GDĐT Bình Tân,Công lập,Trường phổ thông
79777507,THCSCL Tân Tạo,68 Hồ Văn Long KP4,Sở Giáo dục và Đào tạo Hồ Chí Minh,Phòng GDĐT Bình Tân,Công lập,Trường phổ thông
79777508,THCS Bình Trị Đông A,160A Mã Lò Khu phố 2 Phường Bình Trị Đông A Quận Bình Tân TP HCM,Sở Giáo dục và Đào tạo Hồ Chí Minh,Phòng GDĐT Bình Tân,Công lập,Trường phổ thông
79777509,THCSCL Lý Thường Kiệt,33 Trương Phước Phan,Sở Giáo dục và Đào tạo Hồ Chí Minh,Phòng GDĐT Bình Tân,Công lập,Trường phổ thông
79777510,THCSCL Trần Quốc Toản,76 Kênh Nước Đen KP5 Phường Bình Hưng Hòa A Q. Bình Tân TP.HCM,Sở Giáo dục và Đào tạo Hồ Chí Minh,Phòng GDĐT Bình Tân,Công lập,Trường phổ thông
79777511,THCSCL Huỳnh Văn Nghệ,89đường số 3 khu phố 4,Sở Giáo dục và Đào tạo Hồ Chí Minh,Phòng GDĐT Bình Tân,Công lập,Trường phổ thông
79777512,THCSCL Nguyễn Trãi,140 đường số 18,Sở Giáo dục và Đào tạo Hồ Chí Minh,Phòng GDĐT Bình Tân,Công lập,Trường phổ thông
79777513,THCSCL Tân Tạo A,4449/8 Đường Nguyễn Cửu Phú Phường Tân Tạo A Quận Bình Tân Tp. Hồ Chí Minh,Sở Giáo dục và Đào tạo Hồ Chí Minh,Phòng GDĐT Bình Tân,Công lập,Trường phổ thông
79777514,TH THCS và THPT Trí Tuệ Việt,79 đường số 3 KDC Vĩnh Lộc Bình Hưng Hòa B.,Sở Giáo dục và Đào tạo Hồ Chí Minh,Phòng GDĐT Bình Tân,Tư thục,Dân tộc bán trú
79778501,THCS Trần Quốc Tuấn,16/1 khu phố 1 Bế Văn Cấm,Sở Giáo dục và Đào tạo Hồ Chí Minh,Phòng GDĐT quận 7,Công lập,Trường phổ thông
79778502,THCS Huỳnh Tấn Phát,488 Huỳnh Tấn Phát,Sở Giáo dục và Đào tạo Hồ Chí Minh,Phòng GDĐT quận 7,Công lập,Trường phổ thông
79778503,THCS Nguyễn Hữu Thọ,62 Lâm Văn Bền Kp4 Phường Tân KiểngQuận 7TP Hồ Chí Minh,Sở Giáo dục và Đào tạo Hồ Chí Minh,Phòng GDĐT quận 7,Công lập,Trường phổ thông
79778504,THCS Nguyễn Hiền,66 đường 1 Kp3,Sở Giáo dục và Đào tạo Hồ Chí Minh,Phòng GDĐT quận 7,Công lập,Trường phổ thông
79778505,THCS Hoàng Quốc Việt,D29 đường số 3 KDC Vạn Phát Hưng,Sở Giáo dục và Đào tạo Hồ Chí Minh,Phòng GDĐT quận 7,Công lập,Trường phổ thông
79778506,THCS Nguyễn Thị Thập,411/3 Nguyễn Thị Thập,Sở Giáo dục và Đào tạo Hồ Chí Minh,Phòng GDĐT quận 7,Công lập,Trường phổ thông
79778507,THCS Phạm Hữu Lầu,Khu Tái định cư Phú Mỹ,Sở Giáo dục và Đào tạo Hồ Chí Minh,Phòng GDĐT quận 7,Công lập,Trường phổ thông
79783501,THCS Tân Phú Trung,Số 4 Đường 77 ấp Đình,Sở Giáo dục và Đào tạo Hồ Chí Minh,Phòng GDĐT Củ Chi,Công lập,Trường phổ thông
79783502,THCS Tân Thông Hội,Đường 28 Ấp Hậu,Sở Giáo dục và Đào tạo Hồ Chí Minh,Phòng GDĐT Củ Chi,Công lập,Trường phổ thông
79783503,THCS Tân Tiến,Số 41 đường 27  Ấp Tân Tiến,Sở Giáo dục và Đào tạo Hồ Chí Minh,Phòng GDĐT Củ Chi,Công lập,Trường phổ thông
79783504,THCS Thị Trấn,629 QL22 KP5 Thị Trấn Củ Chi Củ Chi,Sở Giáo dục và Đào tạo Hồ Chí Minh,Phòng GDĐT Củ Chi,Công lập,Trường phổ thông
79783505,THCS Thị Trấn 2,Lê Vĩnh Huy Khu phố 7,Sở Giáo dục và Đào tạo Hồ Chí Minh,Phòng GDĐT Củ Chi,Công lập,Trường phổ thông
79783506,THCS Phước Vĩnh An,Ấp 5,Sở Giáo dục và Đào tạo Hồ Chí Minh,Phòng GDĐT Củ Chi,Công lập,Trường phổ thông
79783507,THCS Phước Hiệp,Ấp Cây trôm Xã Phước Hiệp Huyện Củ Chi,Sở Giáo dục và Đào tạo Hồ Chí Minh,Phòng GDĐT Củ Chi,Công lập,Trường phổ thông
79783508,THCS Phước Thạnh,Tỉnh lộ 7 Ấp Phước An xã Phước Thạnh huyện Củ Chi,Sở Giáo dục và Đào tạo Hồ Chí Minh,Phòng GDĐT Củ Chi,Công lập,Trường phổ thông
79783509,THCS Nguyễn Văn Xơ,Ấp Bình Thượng 1 Thái Mỹ Củ Chi,Sở Giáo dục và Đào tạo Hồ Chí Minh,Phòng GDĐT Củ Chi,Công lập,Trường phổ thông
79783510,THCS Trung Lập Hạ,Ấp Xóm Mới Xã Trung Lập Hạ Huyện Củ Chi TP.HCM,Sở Giáo dục và Đào tạo Hồ Chí Minh,Phòng GDĐT Củ Chi,Công lập,Trường phổ thông
79783511,THCS Trung Lập,Ấp Trung Bình,Sở Giáo dục và Đào tạo Hồ Chí Minh,Phòng GDĐT Củ Chi,Công lập,Trường phổ thông
79783512,THCS An Nhơn Tây,Ấp Xóm Trại,Sở Giáo dục và Đào tạo Hồ Chí Minh,Phòng GDĐT Củ Chi,Công lập,Trường phổ thông
79783513,THCS An Phú,Ấp Phú Bình Xã An Phú Huyện Củ Chi Tp. HCM,Sở Giáo dục và Đào tạo Hồ Chí Minh,Phòng GDĐT Củ Chi,Công lập,Trường phổ thông
79783514,THCS Nhuận Đức,Ấp Ngã Tư xã Nhuận Đức huyện Củ Chi,Sở Giáo dục và Đào tạo Hồ Chí Minh,Phòng GDĐT Củ Chi,Công lập,Trường phổ thông
79783515,THCS Phạm Văn Cội,Số 317 Đường Bùi Thị Điệt Ấp 3,Sở Giáo dục và Đào tạo Hồ Chí Minh,Phòng GDĐT Củ Chi,Công lập,Trường phổ thông
79783516,THCS Phú Hòa Đông,Số 35 Nguyễn Thị Nê Ấp Phú Hòa,Sở Giáo dục và Đào tạo Hồ Chí Minh,Phòng GDĐT Củ Chi,Công lập,Trường phổ thông
79783518,THCS Tân Thạnh Đông,Ấp 7,Sở Giáo dục và Đào tạo Hồ Chí Minh,Phòng GDĐT Củ Chi,Công lập,Trường phổ thông
79783519,THCS Bình Hòa,Ấp 4B,Sở Giáo dục và Đào tạo Hồ Chí Minh,Phòng GDĐT Củ Chi,Công lập,Trường phổ thông
79783520,THCS Phú Mỹ Hưng,Số 16đường Phú ThuậnẤp Phú Lợi xã Phú Mỹ Hưng huyện Củ Chi TPHCM,Sở Giáo dục và Đào tạo Hồ Chí Minh,Phòng GDĐT Củ Chi,Công lập,Trường phổ thông
79783521,THCS Hòa Phú,Số 1650 Tỉnh lộ 8 Ấp 1,Sở Giáo dục và Đào tạo Hồ Chí Minh,Phòng GDĐT Củ Chi,Công lập,Trường phổ thông
79783522,THCS Tân An Hội,Ấp Mũi Lớn 1 Huyện Củ Chi,Sở Giáo dục và Đào tạo Hồ Chí Minh,Phòng GDĐT Củ Chi,Công lập,Trường phổ thông
79783523,THCS Tân Thạnh Tây,Ấp 2 - Xã Tân Thạnh Tây - Huyện Củ Chi,Sở Giáo dục và Đào tạo Hồ Chí Minh,Phòng GDĐT Củ Chi,Công lập,Trường phổ thông
79783524,THCS Trung An,Ấp An Bình,Sở Giáo dục và Đào tạo Hồ Chí Minh,Phòng GDĐT Củ Chi,Công lập,Trường phổ thông
79783600,TH-THCS Tân Trung,1310 Tỉnh Lộ 8 xã Tân Thạnh Đông Huyện Củ Chi,Sở Giáo dục và Đào tạo Hồ Chí Minh,Phòng GDĐT Củ Chi,Công lập,Trường phổ thông
79784501,THCS Nguyễn An Khương,66/6 Đường Lê Thị Hồng GấmTổ 32 Khu Phố 3 Thị Trấn Hóc Môn Huyện Hóc Môn,Sở Giáo dục và Đào tạo Hồ Chí Minh,Phòng GDĐT Hóc Môn,Công lập,Trường phổ thông
79784502,THCS THỊ TRẤN,23 Đường Lê Thị Hà KP8 Thị Trấn Hóc Môn Huyện Hóc Môn,Sở Giáo dục và Đào tạo Hồ Chí Minh,Phòng GDĐT Hóc Môn,Công lập,Trường phổ thông
79784503,THCS TAM ĐÔNG 1,636 đường Trịnh Thị Miếng ấp Trung Đông 1 xã Thới Tam Thôn huyện Hóc Môn,Sở Giáo dục và Đào tạo Hồ Chí Minh,Phòng GDĐT Hóc Môn,Công lập,Trường phổ thông
79784504,THCS LÝ CHÍNH THẮNG 1,5/5 đường Nguyễn Thị Nuôi ấp Dân Thắng 2 xã Tân Thới Nhì,Sở Giáo dục và Đào tạo Hồ Chí Minh,Phòng GDĐT Hóc Môn,Công lập,Trường phổ thông
79784505,THCS TRUNG MỸ TÂY 1,số 3A đường Nguyễn Ảnh Thủ ấp Mỹ Huề xã Trung Chánh huyện Hóc Môn,Sở Giáo dục và Đào tạo Hồ Chí Minh,Phòng GDĐT Hóc Môn,Công lập,Trường phổ thông
79784506,THCS ĐÔNG THẠNH,Số 18 Đường Nguyễn Thị Điệp ấp 1 Đông Thạnh Hóc Môn,Sở Giáo dục và Đào tạo Hồ Chí Minh,Phòng GDĐT Hóc Môn,Công lập,Trường phổ thông
79784507,THCS NGUYỄN HỒNG ĐÀO,228/2D đường Nguyễn Văn Bứa Ấp 6 xã Xuân Thới Sơn huyện Hóc Môn,Sở Giáo dục và Đào tạo Hồ Chí Minh,Phòng GDĐT Hóc Môn,Công lập,Trường phổ thông
79784508,THCS ĐẶNG CÔNG BỈNH,Đường Bùi Công Trừng Ấp 3 Xã Nhị Bình Huyện Hóc Môn,Sở Giáo dục và Đào tạo Hồ Chí Minh,Phòng GDĐT Hóc Môn,Công lập,Trường phổ thông
79784509,THCS ĐỖ VĂN DẬY,8 đường Huỳnh Thị Mài ấp Thới Tây 1xã Tân Hiệphuyện Hóc Môn thành phố Hồ Chí Minh,Sở Giáo dục và Đào tạo Hồ Chí Minh,Phòng GDĐT Hóc Môn,Công lập,Trường phổ thông
79784510,THCS PHAN CÔNG HỚN,18/6 đường Nguyễn Ảnh Thủ Ấp Trung Lân xã Bà Điểm Huyện Hóc Môn.,Sở Giáo dục và Đào tạo Hồ Chí Minh,Phòng GDĐT Hóc Môn,Công lập,Trường phổ thông
79784511,THCS TÂN XUÂN,01 Quốc lộ 22 Ấp Tân Tiến xã Xuân Thới Đông Huyện Hóc Môn.,Sở Giáo dục và Đào tạo Hồ Chí Minh,Phòng GDĐT Hóc Môn,Công lập,Trường phổ thông
79784512,THCS Xuân Thới Thượng,số 35 đường Phan Văn Hớn Ấp 4 xã Xuân Thới Thượng huyện Hóc Môn,Sở Giáo dục và Đào tạo Hồ Chí Minh,Phòng GDĐT Hóc Môn,Công lập,Trường phổ thông
79784513,THCS TÔ KÝ,Số 12 đường Tô Ký 12 Ấp Chánh 1 xã Tân Xuân huyện Hóc Môn TP HCM,Sở Giáo dục và Đào tạo Hồ Chí Minh,Phòng GDĐT Hóc Môn,Công lập,Trường phổ thông
79784514,THCS NGUYỄN VĂN BỨA,,Sở Giáo dục và Đào tạo Hồ Chí Minh,Phòng GDĐT Hóc Môn,Công lập,Trường phổ thông
79785501,THCS Nguyễn Thái Bình,Số 9 A Đường Số 2 KDC Bình Hưng xã Bình Hưng huyện Bình Chánh Tp. HCM,Sở Giáo dục và Đào tạo Hồ Chí Minh,Phòng GDĐT Bình Chánh,Công lập,Trường phổ thông
79785502,THCS Phong Phú,"Đường N18 KDC PHONG PHÚ 4
ẤP 3 XÃ PHONG PHÚ HUYỆN BÌNH CHÁNH",Sở Giáo dục và Đào tạo Hồ Chí Minh,Phòng GDĐT Bình Chánh,Công lập,Trường phổ thông
79785503,THCS Qui Đức,B10/21 Đoàn Nguyễn Tuấn xã Qui Đức Huyện Bình Chánh Thành phố Hồ Chí Minh,Sở Giáo dục và Đào tạo Hồ Chí Minh,Phòng GDĐT Bình Chánh,Công lập,Trường phổ thông
79785504,THCS Hưng Long,Ấp 3 Hưng Long,Sở Giáo dục và Đào tạo Hồ Chí Minh,Phòng GDĐT Bình Chánh,Công lập,Trường phổ thông
79785505,THCS Tân Quý Tây,16/18C ấp 4 xâ Tân Quý Tây huyện Bình Chánh Tp. Hồ Chí Minh,Sở Giáo dục và Đào tạo Hồ Chí Minh,Phòng GDĐT Bình Chánh,Công lập,Trường phổ thông
79785506,THCS Nguyễn Văn Linh,KDC An Phú Tây Ấp 2 xã An Phú Tây huyện Bình Chánh TpHCM,Sở Giáo dục và Đào tạo Hồ Chí Minh,Phòng GDĐT Bình Chánh,Công lập,Trường phổ thông
79785507,THCS Bình Chánh,B15/8 Quốc lộ 1Aấp 2,Sở Giáo dục và Đào tạo Hồ Chí Minh,Phòng GDĐT Bình Chánh,Công lập,Trường phổ thông
79785508,THCS Tân Túc,C1/3 Bùi Thanh KhiếtKhu phố 3 Thị Trấn Tuân Túc Huyện Bình Chánh Tp.HCM,Sở Giáo dục và Đào tạo Hồ Chí Minh,Phòng GDĐT Bình Chánh,Công lập,Trường phổ thông
79785509,THCS Tân Kiên,D9/13D Đường Dương Đình Cúc Ấp 4 Xã Tân Kiên Huyện Bình Chánh Tp. Hồ Chí Minh,Sở Giáo dục và Đào tạo Hồ Chí Minh,Phòng GDĐT Bình Chánh,Công lập,Trường phổ thông
79785510,THCS Phạm Văn Hai,3a28 Tỉnh Lộ 10 Ấp 3,Sở Giáo dục và Đào tạo Hồ Chí Minh,Phòng GDĐT Bình Chánh,Công lập,Trường phổ thông
79785511,THCS Gò Xoài,B2/317A Ấp 2 xã Bình Lợi Huyện Bình Chánh Tphcm,Sở Giáo dục và Đào tạo Hồ Chí Minh,Phòng GDĐT Bình Chánh,Công lập,Trường phổ thông
79785512,THCS Lê Minh Xuân,G8/1 Ấp 7 Lê Minh Xuân Huyện BÌnh Chánh TP.HCM,Sở Giáo dục và Đào tạo Hồ Chí Minh,Phòng GDĐT Bình Chánh,Công lập,Trường phổ thông
79785514,THCS Đồng Đen,F7/33 Ấp 6 Đường Quách Điêu Vĩnh Lộc A Bình Chánh TP HCM,Sở Giáo dục và Đào tạo Hồ Chí Minh,Phòng GDĐT Bình Chánh,Công lập,Trường phổ thông
79785515,THCS Vĩnh Lộc A,F7/31 Ấp 6 xã Vĩnh Lộc A huyện Bình Chánh Thành phố Hồ Chí Minh.,Sở Giáo dục và Đào tạo Hồ Chí Minh,Phòng GDĐT Bình Chánh,Công lập,Trường phổ thông
79785516,THCS Vĩnh Lộc B,F6/40 Ấp 6 A đường Lại Hùng Cường Xã Vĩnh Lộc B Huyện Bình Chánh TPHCM,Sở Giáo dục và Đào tạo Hồ Chí Minh,Phòng GDĐT Bình Chánh,Công lập,Trường phổ thông
79785517,THCS Đa Phước,A3/99 Quốc lộ 50 xã Đa Phước Huyện Bình chánh TPHCM,Sở Giáo dục và Đào tạo Hồ Chí Minh,Phòng GDĐT Bình Chánh,Công lập,Trường phổ thông
79785518,THCS Tân Nhựt,E10/207B Ấp 6 Tân Nhựt,Sở Giáo dục và Đào tạo Hồ Chí Minh,Phòng GDĐT Bình Chánh,Công lập,Trường phổ thông
79785519,THCS Võ Văn Vân,Khu dân cư Vĩnh Lộc B Ấp 1 xã Vĩnh Lộc B huyện Bình Chánh Tp.Hồ Chí Minh,Sở Giáo dục và Đào tạo Hồ Chí Minh,Phòng GDĐT Bình Chánh,Công lập,Trường phổ thông
79785601,TiH - THCS Thế Giới Trẻ Em(TH),Số 29 đường số 3 KDC Trung Sơn,Sở Giáo dục và Đào tạo Hồ Chí Minh,Phòng GDĐT Bình Chánh,Tư thục,Trường phổ thông
79786501,THCS Nguyễn Bỉnh Khiêm,421 Huỳnh Tấn Phát KP7 TTNB,Sở Giáo dục và Đào tạo Hồ Chí Minh,Phòng GDĐT Nhà Bè,Công lập,Trường phổ thông
79786502,THCS Lê Văn Hưu,2596/20A Huỳnh Tấn Phát Xã Phú Xuân Huyện Nhà Bè TPHCM,Sở Giáo dục và Đào tạo Hồ Chí Minh,Phòng GDĐT Nhà Bè,Công lập,Trường phổ thông
79786503,THCS Hiệp Phước,1154 Nguyễn Văn Tạo Ấp 3,Sở Giáo dục và Đào tạo Hồ Chí Minh,Phòng GDĐT Nhà Bè,Công lập,Trường phổ thông
79786504,THCS Nguyễn Văn Quỳ,146A Lê Văn Lương Ấp 1,Sở Giáo dục và Đào tạo Hồ Chí Minh,Phòng GDĐT Nhà Bè,Công lập,Trường phổ thông
79786505,THCS Hai Bà Trưng,Ấp 2 xã  Nhơn Đức,Sở Giáo dục và Đào tạo Hồ Chí Minh,Phòng GDĐT Nhà Bè,Công lập,Trường phổ thông
79786506,THCS Phước Lộc,423/2 Đào Sư Tích Ấp 3 Xã Phước Lộc,Sở Giáo dục và Đào tạo Hồ Chí Minh,Phòng GDĐT Nhà Bè,Công lập,Trường phổ thông
79786507,THCS Lê Thành Công,63 đường Đào Sư Tích Ấp 3 xã Phước Kiển huyện Nhà Bè TP.HCM,Sở Giáo dục và Đào tạo Hồ Chí Minh,Phòng GDĐT Nhà Bè,Công lập,Trường phổ thông
79786508,THCS Nguyễn Thị Hương,,Sở Giáo dục và Đào tạo Hồ Chí Minh,Phòng GDĐT Nhà Bè,Công lập,Trường phổ thông
79787501,THCS An Thới Đông,Đường An Thới Đông-Ấp An Đông- xã An Thới Đông,Sở Giáo dục và Đào tạo Hồ Chí Minh,Phòng GDĐT Cần Giờ,Công lập,Trường phổ thông
79787502,TRƯỜNG THCS LONG HÒA,Đường Duyên HảiẤp Long ThạnhXã Long Hòa Huyện Cần Giờ Tp.Hồ Chí Minh,Sở Giáo dục và Đào tạo Hồ Chí Minh,Phòng GDĐT Cần Giờ,Công lập,Trường phổ thông
79787503,THCS Lý Nhơn,Ấp Lý Thái Bửu - Xã Lý Nhơn - Huyện Cần Giờ - TP .Hồ Chí MInh,Sở Giáo dục và Đào tạo Hồ Chí Minh,Phòng GDĐT Cần Giờ,Công lập,Trường phổ thông
79787504,THCS Tam Thôn Hiệp,Ấp An Lộc-Xã Tam Thôn Hiệp-Huyện Cần Giờ-TP.Hồ Chí Minh.,Sở Giáo dục và Đào tạo Hồ Chí Minh,Phòng GDĐT Cần Giờ,Công lập,Trường phổ thông
79787506,THCS Bình Khánh,Đường Rừng SátẤp Bình An Xã Bình Khánh,Sở Giáo dục và Đào tạo Hồ Chí Minh,Phòng GDĐT Cần Giờ,Công lập,Trường phổ thông
79787507,THCS Cần Thạnh,Đường Lương Văn Nho- Khu phố Giồng Ao-Thị Trấn Cần Thạnh-Huyện Cần giờ-TPHCM,Sở Giáo dục và Đào tạo Hồ Chí Minh,Phòng GDĐT Cần Giờ,Công lập,Trường phổ thông
79787508,THCS Doi Lầu,Ấp Lý Hòa Hiệp xã Lý Nhơn Huyện Cần Giờ Tp Hồ Chí Minh.,Sở Giáo dục và Đào tạo Hồ Chí Minh,Phòng GDĐT Cần Giờ,Công lập,Trường phổ thông
